<?xml version="1.0" encoding="UTF-8"?>
<root>
  <item name="com.github.amlcurran.showcaseview.ShowcaseView void forceTextPosition(int) 0">
    <annotation name="android.support.annotation.IntDef">
      <val name="value" val="{com.github.amlcurran.showcaseview.ShowcaseView.UNDEFINED, com.github.amlcurran.showcaseview.ShowcaseView.LEFT_OF_SHOWCASE, com.github.amlcurran.showcaseview.ShowcaseView.RIGHT_OF_SHOWCASE, com.github.amlcurran.showcaseview.ShowcaseView.ABOVE_SHOWCASE, com.github.amlcurran.showcaseview.ShowcaseView.BELOW_SHOWCASE}" />
    </annotation>
  </item>
  <item name="com.github.amlcurran.showcaseview.TextDrawer forcedTextPosition">
    <annotation name="android.support.annotation.IntDef">
      <val name="value" val="{com.github.amlcurran.showcaseview.ShowcaseView.UNDEFINED, com.github.amlcurran.showcaseview.ShowcaseView.LEFT_OF_SHOWCASE, com.github.amlcurran.showcaseview.ShowcaseView.RIGHT_OF_SHOWCASE, com.github.amlcurran.showcaseview.ShowcaseView.ABOVE_SHOWCASE, com.github.amlcurran.showcaseview.ShowcaseView.BELOW_SHOWCASE}" />
    </annotation>
  </item>
  <item name="com.github.amlcurran.showcaseview.TextDrawer void forceTextPosition(int) 0">
    <annotation name="android.support.annotation.IntDef">
      <val name="value" val="{com.github.amlcurran.showcaseview.ShowcaseView.UNDEFINED, com.github.amlcurran.showcaseview.ShowcaseView.LEFT_OF_SHOWCASE, com.github.amlcurran.showcaseview.ShowcaseView.RIGHT_OF_SHOWCASE, com.github.amlcurran.showcaseview.ShowcaseView.ABOVE_SHOWCASE, com.github.amlcurran.showcaseview.ShowcaseView.BELOW_SHOWCASE}" />
    </annotation>
  </item>
</root>

